{"head/name": "QWE", "head/uuid": "98904f296c494ebc944dbe8027d1b7fe", "os/name": "Linux 6.1.38-1-MANJARO", "os/machine": "x86_64", "os/hostname": "whs31-redmibook15", "os/boottime": 1689232609.0, "cpu/model": "11th Gen Intel(R) Core(TM) i5-11320H @ 3.20GHz", "cpu/arch": "x86_64", "cpu/frequency": "3.2000 GHz", "cpu/core-count": 8, "cpu/load-avg": 0.7, "cpu/load-per-core": [0.0, 0.0, 2.0, 0.0, 2.0, 0.0, 0.0, 0.0], "ram/total": 8105598976, "ram/free": 1681346560, "ram/swap-total": 8589930496, "ram/swap-free": 6028845056, "disk/mounts": ["/dev/nvme0n1p2", "/dev/nvme0n1p1"], "disk/total": 502605742080, "disk/free": 403186626560, "disk/r": 51168797696, "disk/w": 36071136256, "net/r": 1578437543, "net/w": 99086226, "sns/battery": 99.69715324046032, "sns/bat-cs": true, "sns/temp": {"acpitz": [["", 43.0, 120.0, 120.0]], "nvme": [["Composite", 37.85, 84.85, 89.85]], "coretemp": [["Package id 0", 42.0, 100.0, 100.0], ["Core 0", 38.0, 100.0, 100.0], ["Core 1", 38.0, 100.0, 100.0], ["Core 2", 37.0, 100.0, 100.0], ["Core 3", 39.0, 100.0, 100.0]]}, "sns/fans": {}, "proc/ttl": 243, "proc/ls": [[1, "systemd", 0.0, 0.08716937540236878], [2, "kthreadd", 0.0, 0.0], [3, "rcu_gp", 0.0, 0.0], [4, "rcu_par_gp", 0.0, 0.0], [5, "slub_flushwq", 0.0, 0.0], [6, "netns", 0.0, 0.0], [8, "kworker/0:0H-events_highpri", 0.0, 0.0], [10, "mm_percpu_wq", 0.0, 0.0], [12, "rcu_tasks_kthread", 0.0, 0.0], [13, "rcu_tasks_rude_kthread", 0.0, 0.0], [14, "rcu_tasks_trace_kthread", 0.0, 0.0], [15, "ksoftirqd/0", 0.0, 0.0], [16, "rcu_preempt", 0.0, 0.0], [17, "rcub/0", 0.0, 0.0], [18, "migration/0", 0.0, 0.0], [19, "idle_inject/0", 0.0, 0.0], [21, "cpuhp/0", 0.0, 0.0], [22, "cpuhp/1", 0.0, 0.0], [23, "idle_inject/1", 0.0, 0.0], [24, "migration/1", 0.0, 0.0], [25, "ksoftirqd/1", 0.0, 0.0], [27, "kworker/1:0H-events_highpri", 0.0, 0.0], [28, "cpuhp/2", 0.0, 0.0], [29, "idle_inject/2", 0.0, 0.0], [30, "migration/2", 0.0, 0.0], [31, "ksoftirqd/2", 0.0, 0.0], [33, "kworker/2:0H-events_highpri", 0.0, 0.0], [34, "cpuhp/3", 0.0, 0.0], [35, "idle_inject/3", 0.0, 0.0], [36, "migration/3", 0.0, 0.0], [37, "ksoftirqd/3", 0.0, 0.0], [39, "kworker/3:0H-events_highpri", 0.0, 0.0], [40, "cpuhp/4", 0.0, 0.0], [41, "idle_inject/4", 0.0, 0.0], [42, "migration/4", 0.0, 0.0], [43, "ksoftirqd/4", 0.0, 0.0], [45, "kworker/4:0H-events_highpri", 0.0, 0.0], [46, "cpuhp/5", 0.0, 0.0], [47, "idle_inject/5", 0.0, 0.0], [48, "migration/5", 0.0, 0.0], [49, "ksoftirqd/5", 0.0, 0.0], [51, "kworker/5:0H-events_highpri", 0.0, 0.0], [52, "cpuhp/6", 0.0, 0.0], [53, "idle_inject/6", 0.0, 0.0], [54, "migration/6", 0.0, 0.0], [55, "ksoftirqd/6", 0.0, 0.0], [57, "kworker/6:0H-events_highpri", 0.0, 0.0], [58, "cpuhp/7", 0.0, 0.0], [59, "idle_inject/7", 0.0, 0.0], [60, "migration/7", 0.0, 0.0], [61, "ksoftirqd/7", 0.0, 0.0], [63, "kworker/7:0H-events_highpri", 0.0, 0.0], [64, "kdevtmpfs", 0.0, 0.0], [65, "inet_frag_wq", 0.0, 0.0], [66, "kauditd", 0.0, 0.0], [67, "khungtaskd", 0.0, 0.0], [69, "oom_reaper", 0.0, 0.0], [70, "writeback", 0.0, 0.0], [71, "kcompactd0", 0.0, 0.0], [72, "ksmd", 0.0, 0.0], [74, "khugepaged", 0.0, 0.0], [75, "kintegrityd", 0.0, 0.0], [76, "kblockd", 0.0, 0.0], [77, "blkcg_punt_bio", 0.0, 0.0], [78, "tpm_dev_wq", 0.0, 0.0], [79, "ata_sff", 0.0, 0.0], [80, "edac-poller", 0.0, 0.0], [81, "devfreq_wq", 0.0, 0.0], [83, "watchdogd", 0.0, 0.0], [84, "kworker/4:1H-kblockd", 0.0, 0.0], [85, "kswapd0", 0.0, 0.0], [92, "kthrotld", 0.0, 0.0], [103, "acpi_thermal_pm", 0.0, 0.0], [104, "xenbus_probe", 0.0, 0.0], [105, "hwrng", 0.0, 0.0], [106, "mld", 0.0, 0.0], [107, "kworker/3:1H-events_highpri", 0.0, 0.0], [108, "ipv6_addrconf", 0.0, 0.0], [113, "kstrp", 0.0, 0.0], [117, "zswap1", 0.0, 0.0], [118, "zswap1", 0.0, 0.0], [119, "zswap-shrink", 0.0, 0.0], [161, "charger_manager", 0.0, 0.0], [178, "kworker/0:1H-events_highpri", 0.0, 0.0], [181, "kworker/2:1H-events_highpri", 0.0, 0.0], [186, "kworker/5:1H-events_highpri", 0.0, 0.0], [187, "kworker/6:1H-events_highpri", 0.0, 0.0], [189, "kworker/7:1H-kblockd", 0.0, 0.0], [208, "kworker/1:1H-events_highpri", 0.0, 0.0], [228, "nvme-wq", 0.0, 0.0], [229, "nvme-reset-wq", 0.0, 0.0], [230, "nvme-delete-wq", 0.0, 0.0], [255, "jbd2/nvme0n1p2-8", 0.0, 0.0], [256, "ext4-rsv-conver", 0.0, 0.0], [317, "systemd-journald", 0.0, 0.1819692294631478], [318, "systemd-udevd", 0.0, 0.05366601546511052], [389, "irq/118-GXT7863:00", 0.0, 0.0], [392, "cfg80211", 0.0, 0.0], [402, "cryptd", 0.0, 0.0], [436, "card0-crtc0", 0.0, 0.0], [437, "card0-crtc1", 0.0, 0.0], [438, "card0-crtc2", 0.0, 0.0], [439, "card0-crtc3", 0.0, 0.0], [445, "irq/139-rtw88_pci", 0.0, 0.0], [461, "systemd-timesyncd", 0.0, 0.039163052717006264], [467, "bluetoothd", 0.0, 0.04133597048065952], [468, "crond", 0.0, 0.02395262837143351], [469, "dbus-daemon", 0.0, 0.05599053214250702], [470, "polkitd", 0.0, 0.06751204958699403], [471, "systemd-logind", 0.0, 0.04911804805281302], [476, "NetworkManager", 0.0, 0.12421004332696954], [487, "ModemManager", 0.0, 0.04310462447433077], [505, "cupsd", 0.0, 0.04542914115172727], [521, "sddm", 0.0, 0.08034742428392253], [523, "irq/140-AudioDSP", 0.0, 0.0], [528, "Xorg", 0.0, 0.7290897091625372], [559, "wpa_supplicant", 0.0, 0.05796131802116928], [563, "sddm-helper", 0.0, 0.07307067642424653], [565, "systemd", 0.0, 0.07190841808554828], [566, "(sd-pam)", 0.0, 0.016625347540509754], [574, "startplasma-x11", 0.0, 0.1052601791090633], [587, "dbus-daemon", 0.0, 0.050128707477768014], [613, "baloo_file", 0.0, 1.6828995414638188], [617, "xdg-desktop-portal", 0.0, 0.07458666556167903], [621, "udisksd", 0.0, 0.048663251311583264], [625, "xdg-document-portal", 0.0, 0.041437036423155015], [633, "xdg-permission-store", 0.0, 0.036535338212123264], [640, "fusermount3", 0.0, 0.009752863450815753], [648, "rtkit-daemon", 0.0, 0.028348996869987764], [655, "upowerd", 0.0, 0.058416114762399024], [670, "ksmserver", 0.0, 0.2126427430105321], [672, "kded5", 0.0, 0.33215322001146086], [673, "kwin_x11", 0.0, 1.8699726010229893], [706, "kglobalaccel5", 0.0, 0.11905568025969905], [716, "plasmashell", 0.0, 1.1008607786322342], [721, "dconf-service", 0.0, 0.02420529322767226], [770, "kactivitymanagerd", 0.0, 0.19202529074145006], [771, "gmenudbusmenuproxy", 0.0, 0.10283459648917129], [772, "polkit-kde-authentication-agent-1", 0.0, 0.18434427911179208], [773, "org_kde_powerdevil", 0.0, 0.2286111619248211], [774, "xdg-desktop-portal-kde", 0.0, 0.4502487738174527], [775, "xembedsniproxy", 0.0, 0.10010581604179278], [858, "pipewire", 0.0, 0.03638373929838001], [860, "wireplumber", 0.0, 0.04876431725407877], [861, "ksystemstats", 0.0, 0.1565006119542818], [886, "obexd", 0.0, 0.038607190033281016], [887, "power-profiles-daemon", 0.0, 0.044671146583011016], [894, "kscreen_backend_launcher", 0.0, 0.10167233815047304], [903, "krfcommd", 0.0, 0.0], [934, "msm_kde_notifier", 0.0, 0.1881342519553733], [936, "kdeconnectd", 0.0, 0.21830243579028008], [937, "latte-dock", 0.0, 1.9723018677996835], [945, "agent", 0.0, 0.03183577188608251], [946, "kaccess", 0.0, 0.20875170422445535], [950, "pamac-tray-plasma", 0.0, 0.19985790128485134], [1095, "pulseaudio", 0.0, 0.0964674421119548], [1119, "gsettings-helper", 0.0, 0.040123179170713515], [1127, "kwalletd5", 0.0, 0.1944508733613421], [1295, "at-spi-bus-launcher", 0.0, 0.04280142664684427], [1302, "dbus-daemon", 0.0, 0.036686937125866514], [1304, "at-spi2-registryd", 0.0, 0.043559421215560515], [1746, "chrome", 0.0, 3.058154353971336], [1751, "cat", 0.0, 0.005710225750995752], [1752, "cat", 0.0, 0.004194236613563251], [1754, "chrome_crashpad_handler", 0.0, 0.02375049648644251], [1756, "chrome_crashpad_handler", 0.0, 0.020465853355338758], [1762, "chrome", 0.0, 0.1176912900360098], [1763, "chrome", 0.0, 0.13552942888646555], [1764, "nacl_helper", 0.0, 0.02592341425009576], [1767, "chrome", 0.0, 0.05311015278138527], [1786, "chrome", 0.0, 1.5800649449746476], [1791, "chrome", 0.0, 0.9538098323012816], [1801, "chrome", 0.0, 0.3125464271673339], [1881, "chrome", 0.0, 0.5642006239811289], [1909, 